{
  "view/View1.view.xml": 1713776775022,
  "controller/View1.controller.js": 1713776775030,
  "model/models.js": 1713776775014,
  "manifest.json": 1714115663622,
  "controller/App.controller.js": 1713776775014,
  "Component.js": 1713776775002,
  "Component-preload.js": 1714115664336,
  "controller/View1-dbg.controller.js": 1713776775030,
  "model/models-dbg.js": 1713776775014,
  "controller/App-dbg.controller.js": 1713776775014,
  "Component-dbg.js": 1713776775002,
  "i18n/i18n.properties": 1713776814521,
  "view/App.view.xml": 1713776775018,
  "css/style.css": 1713776775018,
  "index.html": 1713808467403
}